"Id","type","name"
"changing societies & personalities","journal","changing societies & personalities"
"laboratorium: журнал социальных исследований","journal","laboratorium: журнал социальных исследований"
"logos et praxis","journal","logos et praxis"
"primo aspectu","journal","primo aspectu"
"siberian socium","journal","siberian socium"
"social evolution and history","journal","social evolution and history"
"society and security insights","journal","society and security insights"
"векторы благополучия: экономика и социум","journal","векторы благополучия: экономика и социум"
"вестник института социологии","journal","вестник института социологии"
"вестник московского государственного лингвистического университета. общественные науки","journal","вестник московского государственного лингвистического университета. общественные науки"
"вестник московского университета. серия 18. социология и политология","journal","вестник московского университета. серия 18. социология и политология"
"вестник пермского национального исследовательского политехнического университета. социально-экономические науки","journal","вестник пермского национального исследовательского политехнического университета. социально-экономические науки"
"вестник пермского университета. философия. психология. социология","journal","вестник пермского университета. философия. психология. социология"
"вестник рггу. серия: философия. социология. искусствоведение","journal","вестник рггу. серия: философия. социология. искусствоведение"
"вестник российского университета дружбы народов. серия: социология","journal","вестник российского университета дружбы народов. серия: социология"
"вестник санкт-петербургского университета. социология","journal","вестник санкт-петербургского университета. социология"
"вестник томского государственного университета. философия. социология. политология","journal","вестник томского государственного университета. философия. социология. политология"
"вестник тюменского государственного университета. социально-экономические и правовые исследования","journal","вестник тюменского государственного университета. социально-экономические и правовые исследования"
"вестник удмуртского университета. социология. политология. международные отношения","journal","вестник удмуртского университета. социология. политология. международные отношения"
"вестник южно-российского государственного технического университета (нпи). серия: социально-экономические науки","journal","вестник южно-российского государственного технического университета (нпи). серия: социально-экономические науки"
"власть и элиты","journal","власть и элиты"
"демографическое обозрение","journal","демографическое обозрение"
"дискурс","journal","дискурс"
"женщина в российском обществе","journal","женщина в российском обществе"
"журнал исследований социальной политики","journal","журнал исследований социальной политики"
"журнал социологии и социальной антропологии","journal","журнал социологии и социальной антропологии"
"известия высших учебных заведений. поволжский регион. общественные науки","journal","известия высших учебных заведений. поволжский регион. общественные науки"
"известия высших учебных заведений. социология. экономика. политика","journal","известия высших учебных заведений. социология. экономика. политика"
"известия саратовского университета. новая серия. серия: социология. политология","journal","известия саратовского университета. новая серия. серия: социология. политология"
"известия тульского государственного университета. гуманитарные науки","journal","известия тульского государственного университета. гуманитарные науки"
"интеракция. интервью. интерпретация","journal","интеракция. интервью. интерпретация"
"коммуникология","journal","коммуникология"
"конфликтология","journal","конфликтология"
"крестьяноведение","journal","крестьяноведение"
"мир россии. социология. этнология","journal","мир россии. социология. этнология"
"мониторинг общественного мнения: экономические и социальные перемены","journal","мониторинг общественного мнения: экономические и социальные перемены"
"наука. культура. общество","journal","наука. культура. общество"
"научное обозрение. серия 2: гуманитарные науки","journal","научное обозрение. серия 2: гуманитарные науки"
"научный результат. социология и управление","journal","научный результат. социология и управление"
"общество: социология, психология, педагогика","journal","общество: социология, психология, педагогика"
"ойкумена. регионоведческие исследования","journal","ойкумена. регионоведческие исследования"
"поиск: политика. обществоведение. искусство. социология. культура","journal","поиск: политика. обществоведение. искусство. социология. культура"
"свободная мысль","journal","свободная мысль"
"сибирский философский журнал","journal","сибирский философский журнал"
"социальное пространство","journal","социальное пространство"
"социальные и гуманитарные знания","journal","социальные и гуманитарные знания"
"социальные и гуманитарные науки. отечественная и зарубежная литература. серия 11: социология","journal","социальные и гуманитарные науки. отечественная и зарубежная литература. серия 11: социология"
"социальные и гуманитарные науки: теория и практика","journal","социальные и гуманитарные науки: теория и практика"
"социодинамика","journal","социодинамика"
"социологическая наука и социальная практика","journal","социологическая наука и социальная практика"
"социологические исследования","journal","социологические исследования"
"социологический журнал","journal","социологический журнал"
"социологическое обозрение","journal","социологическое обозрение"
"социология","journal","социология"
"социология власти","journal","социология власти"
"социология города","journal","социология города"
"социология медицины","journal","социология медицины"
"среднерусский вестник общественных наук","journal","среднерусский вестник общественных наук"
"теория и практика общественного развития","journal","теория и практика общественного развития"
"управление устойчивым развитием","journal","управление устойчивым развитием"
"урбанистика","journal","урбанистика"
"уровень жизни населения регионов россии","journal","уровень жизни населения регионов россии"
"ученые записки крымского федерального университета имени в.и. вернадского. социология. педагогика. психология","journal","ученые записки крымского федерального университета имени в.и. вернадского. социология. педагогика. психология"
"экономика. социология. право","journal","экономика. социология. право"
"экономическая социология","journal","экономическая социология"
"экономические и социальные перемены: факты, тенденции, прогноз","journal","экономические и социальные перемены: факты, тенденции, прогноз"
"abgadzhava daur","person","abgadzhava daur"
"al-humaidan h. e. abdullah abdul-ali","person","al-humaidan h. e. abdullah abdul-ali"
"alan barnard","person","alan barnard"
"alexei vassiliev","person","alexei vassiliev"
"andrey korotayev","person","andrey korotayev"
"balitskaya nonna","person","balitskaya nonna"
"bertrand josep","person","bertrand josep"
"borbunov alexey","person","borbunov alexey"
"boštjančič eva","person","boštjančič eva"
"burlacu radu","person","burlacu radu"
"carol ember","person","carol ember"
"cecilia pennacini","person","cecilia pennacini"
"charles spencer","person","charles spencer"
"christopher bertram","person","christopher bertram"
"christopher chase-dunn","person","christopher chase-dunn"
"craig campbell","person","craig campbell"
"david small","person","david small"
"dmitri bondarenko","person","dmitri bondarenko"
"dudnik sergey","person","dudnik sergey"
"fabrykant marharyta","person","fabrykant marharyta"
"fred spier","person","fred spier"
"galstyan khachik","person","galstyan khachik"
"gelderen martin van","person","gelderen martin van"
"golovashina oksana","person","golovashina oksana"
"graeme d. snooks","person","graeme d. snooks"
"henri claessen","person","henri claessen"
"herbert barry iii","person","herbert barry iii"
"horton john","person","horton john"
"hvithamar annika","person","hvithamar annika"
"igor sledzevski","person","igor sledzevski"
"inglehart ronald f.","person","inglehart ronald f."
"ismagilova fayruza","person","ismagilova fayruza"
"jensen tim","person","jensen tim"
"jianping yi","person","jianping yi"
"khomyakov maxim","person","khomyakov maxim"
"korotaev dmitry","person","korotaev dmitry"
"kristina štrkalj despot","person","kristina štrkalj despot"
"leonid borodkin","person","leonid borodkin"
"leonid grinin","person","leonid grinin"
"leontyeva elvira","person","leontyeva elvira"
"luigi capogrossi colognesi","person","luigi capogrossi colognesi"
"mansoor maitah","person","mansoor maitah"
"marina butovskaya","person","marina butovskaya"
"mazhenina ekaterina","person","mazhenina ekaterina"
"menshikov andrey","person","menshikov andrey"
"michael mann","person","michael mann"
"musaev abdurashid","person","musaev abdurashid"
"nesteruk aleksey","person","nesteruk aleksey"
"nutton vivian","person","nutton vivian"
"peter skalník","person","peter skalník"
"popova natalia","person","popova natalia"
"prodanov vasil","person","prodanov vasil"
"prokudin dmitry","person","prokudin dmitry"
"randall collins","person","randall collins"
"randall e. auxier","person","randall e. auxier"
"rukinov vladimir","person","rukinov vladimir"
"shiraev eric","person","shiraev eric"
"simons gregory j.","person","simons gregory j."
"steger florian","person","steger florian"
"stepanova elena a.","person","stepanova elena a."
"stephen a. kowalewski","person","stephen a. kowalewski"
"strebkov alexander","person","strebkov alexander"
"strenski ivan","person","strenski ivan"
"stöckl kristina","person","stöckl kristina"
"tayob abdulkader","person","tayob abdulkader"
"timothy earle","person","timothy earle"
"tolstaya katya","person","tolstaya katya"
"trubina elena g.","person","trubina elena g."
"vozmitel andrey","person","vozmitel andrey"
"william r. thompson","person","william r. thompson"
"yuri berezkin","person","yuri berezkin"
"zhang baichun","person","zhang baichun"
"абакумова ирина владимировна","person","абакумова ирина владимировна"
"абдирайымова гульмира сериковна","person","абдирайымова гульмира сериковна"
"абишева м. м.","person","абишева м. м."
"абрамов роман николаевич","person","абрамов роман николаевич"
"абрамовских наталья викторовна","person","абрамовских наталья викторовна"
"абрамян ваграм геворгович","person","абрамян ваграм геворгович"
"абрахам м.","person","абрахам м."
"аванесов с. с.","person","аванесов с. с."
"авдеев дмитрий александрович","person","авдеев дмитрий александрович"
"авдеев юрий алексеевич","person","авдеев юрий алексеевич"
"аверин александр николаевич","person","аверин александр николаевич"
"аверин юрий петрович","person","аверин юрий петрович"
"агаджанян виктор","person","агаджанян виктор"
"агапов платон валериевич","person","агапов платон валериевич"
"агафонов андрей юрьевич","person","агафонов андрей юрьевич"
"агафонова е. в.","person","агафонова е. в."
"агеев александр иванович","person","агеев александр иванович"
"агутин александр васильевич","person","агутин александр васильевич"
"адыгезалова гюльназ эльдаровна","person","адыгезалова гюльназ эльдаровна"
"азаров в. н.","person","азаров в. н."
"айвазова светлана григорьевна","person","айвазова светлана григорьевна"
"айо николя","person","айо николя"
"акатов н. б.","person","акатов н. б."
"аксади юдит","person","аксади юдит"
"аксенова ольга владимировна","person","аксенова ольга владимировна"
"аксянова а. в.","person","аксянова а. в."
"актамов иннокентий галималаевич","person","актамов иннокентий галималаевич"
"акулич мария михайловна","person","акулич мария михайловна"
"александер джеффри","person","александер джеффри"
"александрова ольга аркадьевна","person","александрова ольга аркадьевна"
"алексеев а. и.","person","алексеев а. и."
"алексеев андрей алексеевич","person","алексеев андрей алексеевич"
"алексеев с. а.","person","алексеев с. а."
"алексеев юрий валерьевич","person","алексеев юрий валерьевич"
"алексеенко александр николаевич","person","алексеенко александр николаевич"
"алексеёнок анна алексеевна","person","алексеёнок анна алексеевна"
"алмакаева анна михайловна","person","алмакаева анна михайловна"
"алоэ стефано винченцович","person","алоэ стефано винченцович"
"ананьева елена владимировна","person","ананьева елена владимировна"
"андерсен барбара а.","person","андерсен барбара а."
"андреев а. с.","person","андреев а. с."
"андреев евгений","person","андреев евгений"
"андреева наталья дмитриевна","person","андреева наталья дмитриевна"
"андрианова елена владимировна","person","андрианова елена владимировна"
"андрианова надежда викторовна","person","андрианова надежда викторовна"
"андронова нелли эдуардовна","person","андронова нелли эдуардовна"
"анисимова татьяна германовна","person","анисимова татьяна германовна"
"анкерсмит рудольф франклин","person","анкерсмит рудольф франклин"
"антипов константин валерьевич","person","антипов константин валерьевич"
"антонов анатолий иванович","person","антонов анатолий иванович"
"антонова любовь геннадьевна","person","антонова любовь геннадьевна"
"антонова наталья леонидовна","person","антонова наталья леонидовна"
"антонова ольга геннадьевна","person","антонова ольга геннадьевна"
"антропова юлия юрьевна","person","антропова юлия юрьевна"
"антюфеев алексей владимирович","person","антюфеев алексей владимирович"
"антюхов андрей викторович","person","антюхов андрей викторович"
"анцупов анатолий яковлевич","person","анцупов анатолий яковлевич"
"апанасюк лариса ахунжановна","person","апанасюк лариса ахунжановна"
"арабаджийски николай","person","арабаджийски николай"
"ардашкин игорь борисович","person","ардашкин игорь борисович"
"аринин евгений игоревич","person","аринин евгений игоревич"
"артамонов алексей николаевич","person","артамонов алексей николаевич"
"артамонова анна станиславовна","person","артамонова анна станиславовна"
"артеменко андрей павлович","person","артеменко андрей павлович"
"архангельский владимир николаевич","person","архангельский владимир николаевич"
"архипова марина юрьевна","person","архипова марина юрьевна"
"аршинов владимир иванович","person","аршинов владимир иванович"
"асафьева ольга николаевна","person","асафьева ольга николаевна"
"асланов дмитрий иванович","person","асланов дмитрий иванович"
"атанесян артур владимирович","person","атанесян артур владимирович"
"афанасьев дмитрий владимирович","person","афанасьев дмитрий владимирович"
"афанасьева юлия леонидовна","person","афанасьева юлия леонидовна"
"афонасин е. в.","person","афонасин е. в."
"афонин юрий алексеевич","person","афонин юрий алексеевич"
"ахмедова е. а.","person","ахмедова е. а."
"ахметов сайранбек махсутович","person","ахметов сайранбек махсутович"
"ачкасов в. а.","person","ачкасов в. а."
"бабашкин в. в.","person","бабашкин в. в."
"бабич оксана викторовна","person","бабич оксана викторовна"
"бабосов евгений михайлович","person","бабосов евгений михайлович"
"бабуркин сергей александрович","person","бабуркин сергей александрович"
"багдасарьян надежда гегамовна","person","багдасарьян надежда гегамовна"
"багдасарян вардан эрнестович","person","багдасарян вардан эрнестович"
"багирова анна петровна","person","багирова анна петровна"
"бадараев дамдин доржиевич","person","бадараев дамдин доржиевич"
"баева галина андреевна","person","баева галина андреевна"
"баева людмила владимировна","person","баева людмила владимировна"
"байгабылов н. о.","person","байгабылов н. о."
"байджан тюзин","person","байджан тюзин"
"байменов алихан мухамадьевич","person","байменов алихан мухамадьевич"
"бакиров в. с.","person","бакиров в. с."
"бакли с.","person","бакли с."
"баксанский олег евгеньевич","person","баксанский олег евгеньевич"
"балабанова евгения сергеевна","person","балабанова евгения сергеевна"
"балацкий евгений всеволодович","person","балацкий евгений всеволодович"
"балин виктор дмитриевич","person","балин виктор дмитриевич"
"балцер харли с.","person","балцер харли с."
"баннова кристина алексеевна","person","баннова кристина алексеевна"
"баньковская светлана петровна","person","баньковская светлана петровна"
"бараш раиса эдуардовна","person","бараш раиса эдуардовна"
"барбаков олег михайлович","person","барбаков олег михайлович"
"барбенко ярослав александрович","person","барбенко ярослав александрович"
"барг олег александрович","person","барг олег александрович"
"бари донна","person","бари донна"
"барков сергей александрович","person","барков сергей александрович"
"барсукова с. ю.","person","барсукова с. ю."
"барышева галина анзельмовна","person","барышева галина анзельмовна"
"баскакова юлия михайловна","person","баскакова юлия михайловна"
"басов никита викторович","person","басов никита викторович"
"батанина ирина александровна","person","батанина ирина александровна"
"баттерфилд джим","person","баттерфилд джим"
"батырова назыгуль турсынхановна","person","батырова назыгуль турсынхановна"
"бахновский александр викторович","person","бахновский александр викторович"
"баччи массимо ливи","person","баччи массимо ливи"
"бедерханова вера петровна","person","бедерханова вера петровна"
"бек­виклюнд маргарета","person","бек­виклюнд маргарета"
"бекяшев дамир камильевич","person","бекяшев дамир камильевич"
"белгородский валерий савельевич","person","белгородский валерий савельевич"
"беликов евгений геннадьевич","person","беликов евгений геннадьевич"
"беллозо хуан","person","беллозо хуан"
"белова анна валерьевна","person","белова анна валерьевна"
"белозеров василий клавдиевич","person","белозеров василий клавдиевич"
"белоножко марина львовна","person","белоножко марина львовна"
"беляев игорь александрович","person","беляев игорь александрович"
"бергфельд александра юрьевна","person","бергфельд александра юрьевна"
"бережная наталья викторовна","person","бережная наталья викторовна"
"березина елена михайловна","person","березина елена михайловна"
"береснева наталья ириковна","person","береснева наталья ириковна"
"бесков андрей анатольевич","person","бесков андрей анатольевич"
"бессонова о. э.","person","бессонова о. э."
"бессчетнова оксана владимировна","person","бессчетнова оксана владимировна"
"бесчасная альбина ахметовна","person","бесчасная альбина ахметовна"
"бийжанова э. к.","person","бийжанова э. к."
"бикбов александр","person","бикбов александр"
"бикметов е. ю.","person","бикметов е. ю."
"билан юрий","person","билан юрий"
"бирюкова светлана сергеевна","person","бирюкова светлана сергеевна"
"благоевич мирко","person","благоевич мирко"
"блейх надежда оскаровна","person","блейх надежда оскаровна"
"блоссфельд ханс-петер","person","блоссфельд ханс-петер"
"блэкберн мэтью джон маклахлан","person","блэкберн мэтью джон маклахлан"
"бобков вячеслав николаевич","person","бобков вячеслав николаевич"
"богатова ольга анатольевна","person","богатова ольга анатольевна"
"богатырева ольга николаевна","person","богатырева ольга николаевна"
"богатырева татьяна георгиевна","person","богатырева татьяна георгиевна"
"богачанская наталья николаевна","person","богачанская наталья николаевна"
"богданов максим","person","богданов максим"
"богданова елена","person","богданова елена"
"богинская юлия валериевна","person","богинская юлия валериевна"
"богомаз сергей александрович","person","богомаз сергей александрович"
"богомолова татьяна юрьевна","person","богомолова татьяна юрьевна"
"боднарук елена владимировна","person","боднарук елена владимировна"
"бойко в. с.","person","бойко в. с."
"бокарев юрий павлович","person","бокарев юрий павлович"
"большаков андрей геннадьевич","person","большаков андрей геннадьевич"
"большаков владимир ильич","person","большаков владимир ильич"
"борисов е. в.","person","борисов е. в."
"борисова елена георгиевна","person","борисова елена георгиевна"
"борисова надежда владимировна","person","борисова надежда владимировна"
"бородинова татьяна геннадьевна","person","бородинова татьяна геннадьевна"
"бородкина ольга ивановна","person","бородкина ольга ивановна"
"бороноев асалхан ользонович","person","бороноев асалхан ользонович"
"боррас с. м. дж.","person","боррас с. м. дж."
"борытко николай михайлович","person","борытко николай михайлович"
"бочаров михаил петрович","person","бочаров михаил петрович"
"бочаров с. н.","person","бочаров с. н."
"бравве юрий иосифович","person","бравве юрий иосифович"
"бразевич святослав станиславович","person","бразевич святослав станиславович"
"браславский руслан геннадьевич","person","браславский руслан геннадьевич"
"брега а. в.","person","брега а. в."
"бредникова ольга","person","бредникова ольга"
"брекнер розвита","person","брекнер розвита"
"бродовская е. в.","person","бродовская е. в."
"брубейкер роджерс","person","брубейкер роджерс"
"брузати лука","person","брузати лука"
"бузгалин александр владимирович","person","бузгалин александр владимирович"
"бука станислав","person","бука станислав"
"буквич райко","person","буквич райко"
"буравой майкл","person","буравой майкл"
"бурак пётр иосифович","person","бурак пётр иосифович"
"бурда алексей григорьевич","person","бурда алексей григорьевич"
"бурлаков виктор алексеевич","person","бурлаков виктор алексеевич"
"бурмыкина ирина викторовна","person","бурмыкина ирина викторовна"
"бухвальд евгений моисеевич","person","бухвальд евгений моисеевич"
"быков илья анатольевич","person","быков илья анатольевич"
"быстрова а. в.","person","быстрова а. в."
"бюраева юлия григорьевна","person","бюраева юлия григорьевна"
"вавилина н. д.","person","вавилина н. д."
"вагнер питер","person","вагнер питер"
"вакарелу мариус","person","вакарелу мариус"
"вакру а.","person","вакру а."
"валентей сергей дмитриевич","person","валентей сергей дмитриевич"
"валиахметов рим марсович","person","валиахметов рим марсович"
"вальсинер ян","person","вальсинер ян"
"ван лэй","person","ван лэй"
"ван чэньсин","person","ван чэньсин"
"ваньке александрина владимировна","person","ваньке александрина владимировна"
"варгас хулио","person","варгас хулио"
"варыгин александр николаевич","person","варыгин александр николаевич"
"василахе андреас","person","василахе андреас"
"василенко людмила александровна","person","василенко людмила александровна"
"васильев в. в.","person","васильев в. в."
"васильева екатерина николаевна","person","васильева екатерина николаевна"
"васильева елена александровна","person","васильева елена александровна"
"васильева н. а.","person","васильева н. а."
"васин сергей михайлович","person","васин сергей михайлович"
"ваховский александр михайлович","person","ваховский александр михайлович"
"вдовина маргарита владимировна","person","вдовина маргарита владимировна"
"вдовиченко лариса николаевна","person","вдовиченко лариса николаевна"
"вегрен с.","person","вегрен с."
"веденеева галина ивановна","person","веденеева галина ивановна"
"велес ривера ф","person","велес ривера ф"
"великая наталия михайловна","person","великая наталия михайловна"
"великий п. п.","person","великий п. п."
"вельц франк","person","вельц франк"
"вербицкий андрей александрович","person","вербицкий андрей александрович"
"веркей жюльен","person","веркей жюльен"
"вершинина инна альфредовна","person","вершинина инна альфредовна"
"веселов юрий витальевич","person","веселов юрий витальевич"
"ветошкина юлия владимировна","person","ветошкина юлия владимировна"
"видмарович наталия петровна","person","видмарович наталия петровна"
"видясова людмила александровна","person","видясова людмила александровна"
"вилков александр алексеевич","person","вилков александр алексеевич"
"виноградов в. в.","person","виноградов в. в."
"виноградский в. г.","person","виноградский в. г."
"винокурова анна викторовна","person","винокурова анна викторовна"
"вирккунен йони","person","вирккунен йони"
"виссер о.","person","виссер о."
"витязь петр александрович","person","витязь петр александрович"
"вишневский юрий рудольфович","person","вишневский юрий рудольфович"
"власов василий","person","власов василий"
"власова т. а.","person","власова т. а."
"внутских александр юрьевич","person","внутских александр юрьевич"
"воденко константин викторович","person","воденко константин викторович"
"водопьянов павел александрович","person","водопьянов павел александрович"
"волгин николай алексеевич","person","волгин николай алексеевич"
"волков алексей владимирович","person","волков алексей владимирович"
"волков вадим викторович","person","волков вадим викторович"
"волков юрий григорьевич","person","волков юрий григорьевич"
"волкова анна владимировна","person","волкова анна владимировна"
"волкова виктория владимировна","person","волкова виктория владимировна"
"волкова ольга александровна","person","волкова ольга александровна"
"волковская татьяна николаевна","person","волковская татьяна николаевна"
"володин виктор михайлович","person","володин виктор михайлович"
"володина людмила мильтоновна","person","володина людмила мильтоновна"
"волынчук андрей борисович","person","волынчук андрей борисович"
"воробьев владимир павлович","person","воробьев владимир павлович"
"воробьева елена викторовна","person","воробьева елена викторовна"
"ворожцов владимир петрович","person","ворожцов владимир петрович"
"воронина татьяна","person","воронина татьяна"
"воронков виктор","person","воронков виктор"
"воронцова ирина викторовна","person","воронцова ирина викторовна"
"воскрекасенко ольга александровна","person","воскрекасенко ольга александровна"
"вотякова ирина викторовна","person","вотякова ирина викторовна"
"вукичевич слободан","person","вукичевич слободан"
"вуков николай","person","вуков николай"
"вукович галина григорьевна","person","вукович галина григорьевна"
"вукович дарко","person","вукович дарко"
"вядро михаил александрович","person","вядро михаил александрович"
"вятр ежи йозе","person","вятр ежи йозе"
"габович михаил","person","габович михаил"
"гаврилов сергей анатольевич","person","гаврилов сергей анатольевич"
"гаврилюк вера владимировна","person","гаврилюк вера владимировна"
"гагауз ольга","person","гагауз ольга"
"гадеа ш.","person","гадеа ш."
"гаджимурадова гюльнара ильясбековна","person","гаджимурадова гюльнара ильясбековна"
"гайденко п. и.","person","гайденко п. и."
"гайнанов дамир ахнафович","person","гайнанов дамир ахнафович"
"гал джон","person","гал джон"
"галиймаа нямаа","person","галиймаа нямаа"
"гаман-голутвина о. в.","person","гаман-голутвина о. в."
"гамбарян артур сиреканович","person","гамбарян артур сиреканович"
"гамидуллаева лейла айваровна","person","гамидуллаева лейла айваровна"
"гамукин валерий владимирович","person","гамукин валерий владимирович"
"ганопольский михаил григорьевич","person","ганопольский михаил григорьевич"
"гао тяньмин","person","гао тяньмин"
"гарванов иван","person","гарванов иван"
"гарлатти андреа","person","гарлатти андреа"
"гасанов эйваз али оглы","person","гасанов эйваз али оглы"
"гасанов эльнур лятиф оглу","person","гасанов эльнур лятиф оглу"
"гаспаришвили а. т.","person","гаспаришвили а. т."
"генин влад","person","генин влад"
"георгадзе михаил суликович","person","георгадзе михаил суликович"
"герасимов вячеслав михайлович","person","герасимов вячеслав михайлович"
"герасимова галина ивановна","person","герасимова галина ивановна"
"гигаури нина константиновна","person","гигаури нина константиновна"
"гийо мишель","person","гийо мишель"
"гимпельсон владимир ефимович","person","гимпельсон владимир ефимович"
"гиниятова елена владимировна","person","гиниятова елена владимировна"
"гиренок фёдор иванович","person","гиренок фёдор иванович"
"глазьев сергей юрьевич","person","глазьев сергей юрьевич"
"глузман а. в.","person","глузман а. в."
"глуханюк наталья степановна","person","глуханюк наталья степановна"
"глухарева людмила ивановна","person","глухарева людмила ивановна"
"глухова александра викторовна","person","глухова александра викторовна"
"голенко-гинзбург дмитрий исаакович","person","голенко-гинзбург дмитрий исаакович"
"голенкова зинаида тихоновна","person","голенкова зинаида тихоновна"
"голиков николай алексеевич","person","голиков николай алексеевич"
"головин юрий алексеевич","person","головин юрий алексеевич"
"головина татьяна александровна","person","головина татьяна александровна"
"головко н. в.","person","головко н. в."
"головнин михаил юрьевич","person","головнин михаил юрьевич"
"головчин максим александрович","person","головчин максим александрович"
"голуб ольга юрьевна","person","голуб ольга юрьевна"
"голухов георгий натанович","person","голухов георгий натанович"
"гонтмахер евгений шлёмович","person","гонтмахер евгений шлёмович"
"гончаренко марк васильевич","person","гончаренко марк васильевич"
"гончаров виталий викторович","person","гончаров виталий викторович"
"горан в. п.","person","горан в. п."
"горбань владимир сергеевич","person","горбань владимир сергеевич"
"горбачёв александр николаевич","person","горбачёв александр николаевич"
"горбунов александр александрович","person","горбунов александр александрович"
"горбунова н. в.","person","горбунова н. в."
"гордиенко оксана викторовна","person","гордиенко оксана викторовна"
"гордон а. в.","person","гордон а. в."
"горина светлана алексеевна","person","горина светлана алексеевна"
"горина татьяна сергеевна","person","горина татьяна сергеевна"
"горобец светлана владимировна","person","горобец светлана владимировна"
"городищева анна николаевна","person","городищева анна николаевна"
"горшков михаил константинович","person","горшков михаил константинович"
"гостенина валентина ивановна","person","гостенина валентина ивановна"
"готлиб анна семеновна","person","готлиб анна семеновна"
"гофман александр бенционович","person","гофман александр бенционович"
"гошуляк виталий владимирович","person","гошуляк виталий владимирович"
"грабельных татьяна ивановна","person","грабельных татьяна ивановна"
"грачев иван дмитриевич","person","грачев иван дмитриевич"
"грачев м. н.","person","грачев м. н."
"гребенюк александр александрович","person","гребенюк александр александрович"
"грибер юлия александровна","person","грибер юлия александровна"
"григоричев константин вадимович","person","григоричев константин вадимович"
"григорьев павел","person","григорьев павел"
"григорьев святослав иванович","person","григорьев святослав иванович"
"григорьева ирина андреевна","person","григорьева ирина андреевна"
"григорьева ксения сергеевна","person","григорьева ксения сергеевна"
"григорьева марина владимировна","person","григорьева марина владимировна"
"гринберг руслан семёнович","person","гринберг руслан семёнович"
"грицкевич т. и.","person","грицкевич т. и."
"гришаев сергей васильевич","person","гришаев сергей васильевич"
"гронов юкка","person","гронов юкка"
"грудзинский александр олегович","person","грудзинский александр олегович"
"груздева мария андреевна","person","груздева мария андреевна"
"грунт елена викторовна","person","грунт елена викторовна"
"губанова елена сергеевна","person","губанова елена сергеевна"
"гудков л. д.","person","гудков л. д."
"гужавина татьяна анатольевна","person","гужавина татьяна анатольевна"
"гузенина светлана валерьевна","person","гузенина светлана валерьевна"
"гулин константин анатольевич","person","гулин константин анатольевич"
"гулюгина алефтина александровна","person","гулюгина алефтина александровна"
"гусев алексей николаевич","person","гусев алексей николаевич"
"гуселетов борис павлович","person","гуселетов борис павлович"
"гуськова надежда дмитриевна","person","гуськова надежда дмитриевна"
"гуторов в. а.","person","гуторов в. а."
"давидов вероника","person","давидов вероника"
"давыденко владимир александрович","person","давыденко владимир александрович"
"давыдов владимир николаевич","person","давыдов владимир николаевич"
"дадаева т. м.","person","дадаева т. м."
"дайнеко алексей евгеньевич","person","дайнеко алексей евгеньевич"
"дайширо номия","person","дайширо номия"
"данилов александр николаевич","person","данилов александр николаевич"
"данилова е. н.","person","данилова е. н."
"дао тань бинг","person","дао тань бинг"
"даренский виталий юрьевич","person","даренский виталий юрьевич"
"дахин андрей васильевич","person","дахин андрей васильевич"
"девятко инна феликсовна","person","девятко инна феликсовна"
"девятов сергей викторович","person","девятов сергей викторович"
"дейвид гэри","person","дейвид гэри"
"дейнека ольга сергеевна","person","дейнека ольга сергеевна"
"делягин михаил геннадьевич","person","делягин михаил геннадьевич"
"деметрадзе марине резоевна","person","деметрадзе марине резоевна"
"демиденко надежда николаевна","person","демиденко надежда николаевна"
"демиденко с. ю.","person","демиденко с. ю."
"деминцева екатерина","person","деминцева екатерина"
"демьяненко александр николаевич","person","демьяненко александр николаевич"
"денисенко михаил","person","денисенко михаил"
"дергачева елена александровна","person","дергачева елена александровна"
"дериглазова л. в.","person","дериглазова л. в."
"дерюгин павел петрович","person","дерюгин павел петрович"
"джанерьян светлана тиграновна","person","джанерьян светлана тиграновна"
"джанкар-вебстер б.","person","джанкар-вебстер б."
"джаннотти андреа","person","джаннотти андреа"
"джафаров джафар мамед оглу","person","джафаров джафар мамед оглу"
"джонсон марк с.","person","джонсон марк с."
"джорджевич драголюб борислав","person","джорджевич драголюб борислав"
"джорджио де маркис","person","джорджио де маркис"
"джунушалиева г. д.","person","джунушалиева г. д."
"дзуцев хасан владимирович","person","дзуцев хасан владимирович"
"диас николас х.","person","диас николас х."
"диев владимир серафимович","person","диев владимир серафимович"
"дискин иосиф евгеньевич","person","дискин иосиф евгеньевич"
"добреньков владимир иванович","person","добреньков владимир иванович"
"добренькова екатерина владимировна","person","добренькова екатерина владимировна"
"добринская дарья егоровна","person","добринская дарья егоровна"
"доброхлеб валентина григорьевна","person","доброхлеб валентина григорьевна"
"добрынина марина ивановна","person","добрынина марина ивановна"
"докторов борис зусманович","person","докторов борис зусманович"
"долгов а. ю.","person","долгов а. ю."
"долгушкин николай кузьмич","person","долгушкин николай кузьмич"
"должиков в. а.","person","должиков в. а."
"доманский юрий викторович","person","доманский юрий викторович"
"домбровская а. ю.","person","домбровская а. ю."
"доника алена димитриевна","person","доника алена димитриевна"
"донцова людмила васильевна","person","донцова людмила васильевна"
"дорина елена борисовна","person","дорина елена борисовна"
"дорофеев даниил юрьевич","person","дорофеев даниил юрьевич"
"драшкович веселин","person","драшкович веселин"
"дрегало александр алексеевич","person","дрегало александр алексеевич"
"дробижева леокадия михайловна","person","дробижева леокадия михайловна"
"дуайер том","person","дуайер том"
"дударёнок светлана михайловна","person","дударёнок светлана михайловна"
"дудина виктория ивановна","person","дудина виктория ивановна"
"дудникова елена борисовна","person","дудникова елена борисовна"
"дудорова екатерина валерьевна","person","дудорова екатерина валерьевна"
"дука александр владимирович","person","дука александр владимирович"
"дукарт сергей александрович","person","дукарт сергей александрович"
"дулина надежда васильевна","person","дулина надежда васильевна"
"душко о. в.","person","душко о. в."
"дьякова вера валерьевна","person","дьякова вера валерьевна"
"дьёрдь сарвари","person","дьёрдь сарвари"
"дэвис кэти","person","дэвис кэти"
"дэйв бавна","person","дэйв бавна"
"дюдикова екатерина ивановна","person","дюдикова екатерина ивановна"
"дюжикова екатерина андреевна","person","дюжикова екатерина андреевна"
"дюран клэр","person","дюран клэр"
"дятлов александр викторович","person","дятлов александр викторович"
"евсеева я. в.","person","евсеева я. в."
"евстафьев владимир александрович","person","евстафьев владимир александрович"
"евтич миролюб","person","евтич миролюб"
"егорова надежда юрьевна","person","егорова надежда юрьевна"
"егорышев с. в.","person","егорышев с. в."
"елисеев сергей михайлович","person","елисеев сергей михайлович"
"елисеева ирина ильинична","person","елисеева ирина ильинична"
"елишев сергей олегович","person","елишев сергей олегович"
"ельшин л. а.","person","ельшин л. а."
"елютина марина эдуардовна","person","елютина марина эдуардовна"
"енгоян ашот пайлакович","person","енгоян ашот пайлакович"
"енсенов канат алексеевич","person","енсенов канат алексеевич"
"епифанцев сергей николаевич","person","епифанцев сергей николаевич"
"ерохин василий леонидович","person","ерохин василий леонидович"
"ершов а. н.","person","ершов а. н."
"есдаулетова а. м.","person","есдаулетова а. м."
"ефимцева татьяна владимировна","person","ефимцева татьяна владимировна"
"ефременко д. в.","person","ефременко д. в."
"ефремова татьяна александровна","person","ефремова татьяна александровна"
"жалсанова валентина гурожаповна","person","жалсанова валентина гурожаповна"
"жаркынбаева роза сейдалиевна","person","жаркынбаева роза сейдалиевна"
"жарова анна константиновна","person","жарова анна константиновна"
"жегусов юрий иннокентьевич","person","жегусов юрий иннокентьевич"
"железняк владимир николаевич","person","железняк владимир николаевич"
"желтов виктор васильевич","person","желтов виктор васильевич"
"жигунова галина владимировна","person","жигунова галина владимировна"
"жиртуева наталья сергеевна","person","жиртуева наталья сергеевна"
"жуланов е. е.","person","жуланов е. е."
"жулева наталия станиславовна","person","жулева наталия станиславовна"
"журавлев анатолий лактионович","person","журавлев анатолий лактионович"
"журавлева ирина владимировна","person","журавлева ирина владимировна"
"жураковский василий максимилианович","person","жураковский василий максимилианович"
"журбей евгений викторович","person","журбей евгений викторович"
"забирова айгуль","person","забирова айгуль"
"забнева эльвира ивановна","person","забнева эльвира ивановна"
"заборова елена николаевна","person","заборова елена николаевна"
"завиржек дарья","person","завиржек дарья"
"загребин алексей егорович","person","загребин алексей егорович"
"зайцев александр владимирович","person","зайцев александр владимирович"
"зайцева лариса владимировна","person","зайцева лариса владимировна"
"зайцева татьяна вячеславовна","person","зайцева татьяна вячеславовна"
"замараева зинаида петровна","person","замараева зинаида петровна"
"запесоцкий александр сергеевич","person","запесоцкий александр сергеевич"
"запорожец оксана","person","запорожец оксана"
"зарицкий томаш","person","зарицкий томаш"
"зарубин валерий григорьевич","person","зарубин валерий григорьевич"
"засько вадим николаевич","person","засько вадим николаевич"
"захаров николай львович","person","захаров николай львович"
"захаров сергей владимирович","person","захаров сергей владимирович"
"защиринская оксана владимировна","person","защиринская оксана владимировна"
"зберовский андрей викторович","person","зберовский андрей викторович"
"зборовский гарольд ефимович","person","зборовский гарольд ефимович"
"звегинцева и. а.","person","звегинцева и. а."
"звоновский владимир борисович","person","звоновский владимир борисович"
"здравомыслова елена андреевна","person","здравомыслова елена андреевна"
"зезюлько александр викторович","person","зезюлько александр викторович"
"землюков с. в.","person","землюков с. в."
"зимин игорь викторович","person","зимин игорь викторович"
"зинурова р. и.","person","зинурова р. и."
"зинченко юрий петрович","person","зинченко юрий петрович"
"золотов александр владимирович","person","золотов александр владимирович"
"золотухин иван николаевич","person","золотухин иван николаевич"
"золотых владимир рудольфович","person","золотых владимир рудольфович"
"зорин владимир юрьевич","person","зорин владимир юрьевич"
"зорина а. е.","person","зорина а. е."
"зоткин а. а.","person","зоткин а. а."
"зотов а. а.","person","зотов а. а."
"зотов виталий владимирович","person","зотов виталий владимирович"
"зубаревич наталья","person","зубаревич наталья"
"зубкова светлана вадимовна","person","зубкова светлана вадимовна"
"зубок юлия альбертовна","person","зубок юлия альбертовна"
"зыкова наталья валерьевна","person","зыкова наталья валерьевна"
"зырянов владимир викторович","person","зырянов владимир викторович"
"зябкина и. в.","person","зябкина и. в."
"иванов а. в.","person","иванов а. в."
"иванов андрей федорович","person","иванов андрей федорович"
"иванов вилен николаевич","person","иванов вилен николаевич"
"иванов дмитрий владиславович","person","иванов дмитрий владиславович"
"иванов константин","person","иванов константин"
"иванов сергей","person","иванов сергей"
"иванов христо","person","иванов христо"
"иванова алла ефимовна","person","иванова алла ефимовна"
"иванова татьяна юрьевна","person","иванова татьяна юрьевна"
"иванченко ольга сергеевна","person","иванченко ольга сергеевна"
"ивушкина елена борисовна","person","ивушкина елена борисовна"
"ивченков сергей григорьевич","person","ивченков сергей григорьевич"
"игнатова екатерина сергеевна","person","игнатова екатерина сергеевна"
"игнатьев владимир игоревич","person","игнатьев владимир игоревич"
"изгарская анна анатольевна","person","изгарская анна анатольевна"
"ильдарханова ч. и.","person","ильдарханова ч. и."
"ильин владимир александрович","person","ильин владимир александрович"
"ильин владимир иванович","person","ильин владимир иванович"
"ильин м. в.","person","ильин м. в."
"ильинская елизавета александровна","person","ильинская елизавета александровна"
"ильиных в. а.","person","ильиных в. а."
"ильиных ольга владимировна","person","ильиных ольга владимировна"
"ильиных светлана анатольевна","person","ильиных светлана анатольевна"
"ильичева людмила ефимовна","person","ильичева людмила ефимовна"
"имомзода м. с.","person","имомзода м. с."
"иновлоки лена","person","иновлоки лена"
"ионин л. г.","person","ионин л. г."
"ионцев владимир","person","ионцев владимир"
"ирхен ирина игоревна","person","ирхен ирина игоревна"
"исаева татьяна евгеньевна","person","исаева татьяна евгеньевна"
"исупова ольга генриховна","person","исупова ольга генриховна"
"ишикава акихиро","person","ишикава акихиро"
"ищук татьяна леонидовна","person","ищук татьяна леонидовна"
"ка лин","person","ка лин"
"кабанов владимир львович","person","кабанов владимир львович"
"казаков александр александрович","person","казаков александр александрович"
"казакова а. ю.","person","казакова а. ю."
"казакова александра андреевна","person","казакова александра андреевна"
"казаринова надежда васильевна","person","казаринова надежда васильевна"
"казотаки-гатополу агриро","person","казотаки-гатополу агриро"
"казымова надежда наильевна","person","казымова надежда наильевна"
"казьмерчик ежи","person","казьмерчик ежи"
"калабихина ирина","person","калабихина ирина"
"калачикова ольга николаевна","person","калачикова ольга николаевна"
"калашников константин николаевич","person","калашников константин николаевич"
"калашникова марина борисовна","person","калашникова марина борисовна"
"калдыбаева о. в.","person","калдыбаева о. в."
"калина н. ф.","person","калина н. ф."
"калинникова марина викторовна","person","калинникова марина викторовна"
"калугина о. в.","person","калугина о. в."
"каменева татьяна николаевна","person","каменева татьяна николаевна"
"каминская елена альбертовна","person","каминская елена альбертовна"
"камнев владимир","person","камнев владимир"
"камышан в. в.","person","камышан в. в."
"камышова екатерина викторовна","person","камышова екатерина викторовна"
"каневский павел сергеевич","person","каневский павел сергеевич"
"капицын владимир михайлович","person","капицын владимир михайлович"
"каптерев андрей игоревич","person","каптерев андрей игоревич"
"кара игорь степанович","person","кара игорь степанович"
"карабчук татьяна сергеевна","person","карабчук татьяна сергеевна"
"караман вадим николаевич","person","караман вадим николаевич"
"карапетян владимир севанович","person","карапетян владимир севанович"
"карасик владимир ильич","person","карасик владимир ильич"
"каргаполова екатерина владимировна","person","каргаполова екатерина владимировна"
"карпенко оксана","person","карпенко оксана"
"карпов николай николаевич","person","карпов николай николаевич"
"карпович в. н.","person","карпович в. н."
"карчагин евгений владимирович","person","карчагин евгений владимирович"
"касаткина светлана сергеевна","person","касаткина светлана сергеевна"
"кастельс м.","person","кастельс м."
"касюк а. я.","person","касюк а. я."
"качурина д. л.","person","качурина д. л."
"кашаф шамиль равильевич","person","кашаф шамиль равильевич"
"кашпур в.в.","person","кашпур в.в."
"каячев геннадий федорович","person","каячев геннадий федорович"
"кеничи охаши","person","кеничи охаши"
"керимов александр алиевич","person","керимов александр алиевич"
"ки ён су","person","ки ён су"
"кивинен маркку","person","кивинен маркку"
"кидинов алексей васильевич","person","кидинов алексей васильевич"
"ким чан чжин","person","ким чан чжин"
"кимелев ю. а.","person","кимелев ю. а."
"кирдина-чэндлер с. г.","person","кирдина-чэндлер с. г."
"киреев антон александрович","person","киреев антон александрович"
"кириллина наталья владимировна","person","кириллина наталья владимировна"
"киричёк петр николаевич","person","киричёк петр николаевич"
"кирко владимир игоревич","person","кирко владимир игоревич"
"кирчанов максим валерьевич","person","кирчанов максим валерьевич"
"кирчик олеся","person","кирчик олеся"
"кирьянова лилия геннадьевна","person","кирьянова лилия геннадьевна"
"киселев игорь юрьевич","person","киселев игорь юрьевич"
"киселев с. г.","person","киселев с. г."
"китайцева ольга вячеславовна","person","китайцева ольга вячеславовна"
"киященко лариса павловна","person","киященко лариса павловна"
"клеандров михаил иванович","person","клеандров михаил иванович"
"клупт м. а.","person","клупт м. а."
"ключарев г. а.","person","ключарев г. а."
"клёцина ирина сергеевна","person","клёцина ирина сергеевна"
"кнебль вольфганг","person","кнебль вольфганг"
"князева ирина владимировна","person","князева ирина владимировна"
"ковалев виталий владимирович","person","ковалев виталий владимирович"
"ковалева наталья николаевна","person","ковалева наталья николаевна"
"ковалева светлана викторовна","person","ковалева светлана викторовна"
"ковальчук ольга викторовна","person","ковальчук ольга викторовна"
"ковальчук юлия александровна","person","ковальчук юлия александровна"
"когай евгения анатольевна","person","когай евгения анатольевна"
"кодин михаил иванович","person","кодин михаил иванович"
"кожевников владимир васильевич","person","кожевников владимир васильевич"
"кожевников олег александрович","person","кожевников олег александрович"
"кожокин евгений михайлович","person","кожокин евгений михайлович"
"козачок василий иванович","person","козачок василий иванович"
"козина ирина марксовна","person","козина ирина марксовна"
"козлова лариса алексеевна","person","козлова лариса алексеевна"
"козлова т. з.","person","козлова т. з."
"козловский владимир вячеславович","person","козловский владимир вячеславович"
"козырева полина михайловна","person","козырева полина михайловна"
"кокарева анна николаевна","person","кокарева анна николаевна"
"колганов андрей иванович","person","колганов андрей иванович"
"колесников а. а.","person","колесников а. а."
"коломиец в. п.","person","коломиец в. п."
"колотаев владимир алексеевич","person","колотаев владимир алексеевич"
"комаров игорь михайлович","person","комаров игорь михайлович"
"комаров сергей владимирович","person","комаров сергей владимирович"
"комиссарова елена генриховна","person","комиссарова елена генриховна"
"комиссарова мария анатольевна","person","комиссарова мария анатольевна"
"комкова галина николаевна","person","комкова галина николаевна"
"комлева валентина вячеславовна","person","комлева валентина вячеславовна"
"конарева ирина николаевна","person","конарева ирина николаевна"
"коначева светлана александровна","person","коначева светлана александровна"
"кондаков александр","person","кондаков александр"
"кондратьев в. в.","person","кондратьев в. в."
"кондрашин в. в.","person","кондрашин в. в."
"конрой наталья викторовна","person","конрой наталья викторовна"
"константинов всеволод валентинович","person","константинов всеволод валентинович"
"константиновский давид львович","person","константиновский давид львович"
"копцева наталья петровна","person","копцева наталья петровна"
"коркия эка демуриевна","person","коркия эка демуриевна"
"корниенко c. в.","person","корниенко c. в."
"королева татьяна петровна","person","королева татьяна петровна"
"косалс леонид янович","person","косалс леонид янович"
"косела кшиштоф","person","косела кшиштоф"
"костелецкий томаш","person","костелецкий томаш"
"костко наталья анатольевна","person","костко наталья анатольевна"
"косторниченко в. н.","person","косторниченко в. н."
"котеленец елена анатольевна","person","котеленец елена анатольевна"
"котельникова зоя владиславовна","person","котельникова зоя владиславовна"
"котляров игорь васильевич","person","котляров игорь васильевич"
"котлярова виктория валентиновна","person","котлярова виктория валентиновна"
"кофанова е. н.","person","кофанова е. н."
"коэн стивен","person","коэн стивен"
"кравченко альберт иванович","person","кравченко альберт иванович"
"кравченко сергей александрович","person","кравченко сергей александрович"
"крадин николай николаевич","person","крадин николай николаевич"
"крайнов григорий никандрович","person","крайнов григорий никандрович"
"крайсинг фолькмар","person","крайсинг фолькмар"
"красиков владимир иванович","person","красиков владимир иванович"
"краснов алексей витальевич","person","краснов алексей витальевич"
"краснощекова галина алексеевна","person","краснощекова галина алексеевна"
"кретов борис иванович","person","кретов борис иванович"
"кристофферсен гайе","person","кристофферсен гайе"
"кроль инна евгеньевна","person","кроль инна евгеньевна"
"кронембергер фелиппе","person","кронембергер фелиппе"
"кропп фредрик","person","кропп фредрик"
"кротов андрей владиславович","person","кротов андрей владиславович"
"кротова ирина владимировна","person","кротова ирина владимировна"
"крутиков валерий константинович","person","крутиков валерий константинович"
"крылатых э. н.","person","крылатых э. н."
"ксенофонтов владимир николаевич","person","ксенофонтов владимир николаевич"
"кудашов в. и.","person","кудашов в. и."
"кудратов некруз абдунабиевич","person","кудратов некруз абдунабиевич"
"кузнецов александр евгеньевич","person","кузнецов александр евгеньевич"
"кузнецов анатолий михайлович","person","кузнецов анатолий михайлович"
"кузнецов владимир фёдорович","person","кузнецов владимир фёдорович"
"кузнецов игорь анатольевич","person","кузнецов игорь анатольевич"
"кузнецов игорь иванович","person","кузнецов игорь иванович"
"кузнецов николай владимирович","person","кузнецов николай владимирович"
"кузьменко галина анатольевна","person","кузьменко галина анатольевна"
"кузьминов я. и.","person","кузьминов я. и."
"кук линда","person","кук линда"
"куклин александр анатольевич","person","куклин александр анатольевич"
"кулашик петер","person","кулашик петер"
"кумо казухиро","person","кумо казухиро"
"куракин а. а.","person","куракин а. а."
"куракин дмитрий юрьевич","person","куракин дмитрий юрьевич"
"курбонов абдулхайт каримович","person","курбонов абдулхайт каримович"
"куропятник м. с.","person","куропятник м. с."
"кусаинов дауренбек умербекович","person","кусаинов дауренбек умербекович"
"куценко о. д.","person","куценко о. д."
"кученкова анна владимировна","person","кученкова анна владимировна"
"кучерук ирина владимировна","person","кучерук ирина владимировна"
"кушлин валерий иванович","person","кушлин валерий иванович"
"кшиштоф т. конеки","person","кшиштоф т. конеки"
"кьеза джульетто","person","кьеза джульетто"
"кюскиева-арабска екатерина димитрова","person","кюскиева-арабска екатерина димитрова"
"ладов в.а.","person","ладов в.а."
"ладыжец наталья сергеевна","person","ладыжец наталья сергеевна"
"лаженцев виталий николаевич","person","лаженцев виталий николаевич"
"лактюхина елена геннадьевна","person","лактюхина елена геннадьевна"
"ламажаа чимиза кудер-ооловна","person","ламажаа чимиза кудер-ооловна"
"ламбропоулоу эффи","person","ламбропоулоу эффи"
"ланска дуглас джон","person","ланска дуглас джон"
"лапина н. ю.","person","лапина н. ю."
"лапинс вульф","person","лапинс вульф"
"лапшов в. а.","person","лапшов в. а."
"латов ю. в.","person","латов ю. в."
"латушко юрий викторович","person","латушко юрий викторович"
"лашук ирина валерьевна","person","лашук ирина валерьевна"
"ле нгок хунг","person","ле нгок хунг"
"леандро мадрацо агудин","person","леандро мадрацо агудин"
"лебарон фредерик","person","лебарон фредерик"
"лебедев сергей дмитриевич","person","лебедев сергей дмитриевич"
"лебедева марина михайловна","person","лебедева марина михайловна"
"лебедева надежда николаевна","person","лебедева надежда николаевна"
"лебедева оксана валерьевна","person","лебедева оксана валерьевна"
"лебедева-несевря наталья александровна","person","лебедева-несевря наталья александровна"
"левашов виктор константинович","person","левашов виктор константинович"
"левин сергей николаевич","person","левин сергей николаевич"
"левичева в. ф.","person","левичева в. ф."
"левченко елена васильевна","person","левченко елена васильевна"
"леденёва виктория юрьевна","person","леденёва виктория юрьевна"
"леденёва марина викторовна","person","леденёва марина викторовна"
"ледяев в. г.","person","ледяев в. г."
"лексин в. н.","person","лексин в. н."
"лексютина яна валерьевна","person","лексютина яна валерьевна"
"ленц с.","person","ленц с."
"ленчук елена борисовна","person","ленчук елена борисовна"
"леон дэвид","person","леон дэвид"
"леонидова галина валентиновна","person","леонидова галина валентиновна"
"леонова ирина сергеевна","person","леонова ирина сергеевна"
"леонтьева елена юрьевна","person","леонтьева елена юрьевна"
"ли мэнлун","person","ли мэнлун"
"ли пэйлин","person","ли пэйлин"
"либанова элла","person","либанова элла"
"ливцов виктор анатольевич","person","ливцов виктор анатольевич"
"лига марина борисовна","person","лига марина борисовна"
"ликефет андрей львович","person","ликефет андрей львович"
"лиманская людмила юрьевна","person","лиманская людмила юрьевна"
"линденбратен александр леонидович","person","линденбратен александр леонидович"
"линднер петер","person","линднер петер"
"линецкий александр федорович","person","линецкий александр федорович"
"липинский дмитрий анатольевич","person","липинский дмитрий анатольевич"
"лисанюк елена николаевна","person","лисанюк елена николаевна"
"лисенкова анастасия алексеевна","person","лисенкова анастасия алексеевна"
"литошенко денис александрович","person","литошенко денис александрович"
"логинова наталья анатольевна","person","логинова наталья анатольевна"
"лойко александр иванович","person","лойко александр иванович"
"лойко ольга тимофеевна","person","лойко ольга тимофеевна"
"локосов вячеслав вениаминович","person","локосов вячеслав вениаминович"
"локтюхина наталья викторовна","person","локтюхина наталья викторовна"
"ломакин илья валерьевич","person","ломакин илья валерьевич"
"ломантерова с. и.","person","ломантерова с. и."
"ломар дитер","person","ломар дитер"
"лоскутов юрий викторович","person","лоскутов юрий викторович"
"лоскутова ирина мироновна","person","лоскутова ирина мироновна"
"лукин артем леонидович","person","лукин артем леонидович"
"лукичев павел николаевич","person","лукичев павел николаевич"
"лукожев хусен манаевич","person","лукожев хусен манаевич"
"лукьянова наталия александровна","person","лукьянова наталия александровна"
"лучинкина а. и.","person","лучинкина а. и."
"лычковская оксана рейнгольдовна","person","лычковская оксана рейнгольдовна"
"львов степан васильевич","person","львов степан васильевич"
"лэйн д.","person","лэйн д."
"лютиков м. ю.","person","лютиков м. ю."
"м. в. шубенков","person","м. в. шубенков"
"магомедов арбахан курбанович","person","магомедов арбахан курбанович"
"магомедов керем османович","person","магомедов керем османович"
"магомедова тамара ибрагимовна","person","магомедова тамара ибрагимовна"
"майкл э. рьюз","person","майкл э. рьюз"
"макарова марина николаевна","person","макарова марина николаевна"
"макарова ольга александровна","person","макарова ольга александровна"
"макринова елена игоревна","person","макринова елена игоревна"
"максанова людмила батожаргаловна","person","максанова людмила батожаргаловна"
"максименко александр александрович","person","максименко александр александрович"
"максимова светлана геннадьевна","person","максимова светлана геннадьевна"
"максимова тамара","person","максимова тамара"
"максимович горан","person","максимович горан"
"малахов владимир","person","малахов владимир"
"малева татьяна михайловна","person","малева татьяна михайловна"
"малинина т. г.","person","малинина т. г."
"малинина татьяна борисовна","person","малинина татьяна борисовна"
"малинова о. ю.","person","малинова о. ю."
"малкова елена вячеславовна","person","малкова елена вячеславовна"
"малышев михаил львович","person","малышев михаил львович"
"малько александр васильевич","person","малько александр васильевич"
"мальцева анна васильевна","person","мальцева анна васильевна"
"мальцева дарья васильевна","person","мальцева дарья васильевна"
"мальчукова н. в.","person","мальчукова н. в."
"мамедзаде ильгам рамиз-оглы","person","мамедзаде ильгам рамиз-оглы"
"мамедов агамали куламович","person","мамедов агамали куламович"
"мамедов низами мустафаевич","person","мамедов низами мустафаевич"
"манжелей ирина владимировна","person","манжелей ирина владимировна"
"мансуров валерий андреевич","person","мансуров валерий андреевич"
"марей александр","person","марей александр"
"марков александр викторович","person","марков александр викторович"
"марков борис васильевич","person","марков борис васильевич"
"мартинелли альберто","person","мартинелли альберто"
"мартинович владимир александрович","person","мартинович владимир александрович"
"мартиросова татьяна александровна","person","мартиросова татьяна александровна"
"мартыненко владимир владимирович","person","мартыненко владимир владимирович"
"мартынов михаил юрьевич","person","мартынов михаил юрьевич"
"марушиакова-попова елена андреевна","person","марушиакова-попова елена андреевна"
"маршак аркадий львович","person","маршак аркадий львович"
"матвеев антон геннадьевич","person","матвеев антон геннадьевич"
"матвеев геннадий филиппович","person","матвеев геннадий филиппович"
"матюгина элеонора григорьевна","person","матюгина элеонора григорьевна"
"матюшкина ирина алексеевна","person","матюшкина ирина алексеевна"
"мау владимир александрович","person","мау владимир александрович"
"мацкуляк иван дмитриевич","person","мацкуляк иван дмитриевич"
"мачхелян гарри григорьевич","person","мачхелян гарри григорьевич"
"медникова людмила сергеевна","person","медникова людмила сергеевна"
"медушевский а. н.","person","медушевский а. н."
"меерсон анастасия валериановна","person","меерсон анастасия валериановна"
"межов с. и.","person","межов с. и."
"меле франс","person","меле франс"
"мелин х.","person","мелин х."
"мельник владимир владимирович","person","мельник владимир владимирович"
"мельникова татьяна витальевна","person","мельникова татьяна витальевна"
"мемпель-снежик анна","person","мемпель-снежик анна"
"менегуццо марко","person","менегуццо марко"
"меренков анатолий васильевич","person","меренков анатолий васильевич"
"меретуков гайса мосович","person","меретуков гайса мосович"
"мерзликин николай васильевич","person","мерзликин николай васильевич"
"меркулов павел александрович","person","меркулов павел александрович"
"мерль ш.","person","мерль ш."
"метлякова любовь анатольевна","person","метлякова любовь анатольевна"
"мещерякова наталия николаевна","person","мещерякова наталия николаевна"
"мигунова юлия владимировна","person","мигунова юлия владимировна"
"мизобата с.","person","мизобата с."
"микиртумов и. б.","person","микиртумов и. б."
"милецкий владимир петрович","person","милецкий владимир петрович"
"милушева татьяна владимировна","person","милушева татьяна владимировна"
"минаева людмила владимировна","person","минаева людмила владимировна"
"мингалёва ж. а.","person","мингалёва ж. а."
"минералов владислав юрьевич","person","минералов владислав юрьевич"
"минина вера николаевна","person","минина вера николаевна"
"миргород татьяна","person","миргород татьяна"
"миролюбова анастасия александровна","person","миролюбова анастасия александровна"
"мироненко ирина анатольевна","person","мироненко ирина анатольевна"
"мироненко надежда викторовна","person","мироненко надежда викторовна"
"миронов а. в.","person","миронов а. в."
"миронов борис","person","миронов борис"
"мирошниченко инна валерьевна","person","мирошниченко инна валерьевна"
"митрович любиша","person","митрович любиша"
"митрофанова инна васильевна","person","митрофанова инна васильевна"
"михайленок олег михайлович","person","михайленок олег михайлович"
"михайлов вячеслав александрович","person","михайлов вячеслав александрович"
"михайлова е. в.","person","михайлова е. в."
"михалик ярослав","person","михалик ярослав"
"михеева анна","person","михеева анна"
"михель дмитрий","person","михель дмитрий"
"мишина мария евгеньевна","person","мишина мария евгеньевна"
"мкртчян никита владимирович","person","мкртчян никита владимирович"
"мозговая алла викторовна","person","мозговая алла викторовна"
"мозгот валерий георгиевич","person","мозгот валерий георгиевич"
"молодикова и. н.","person","молодикова и. н."
"молчанов виктор игоревич","person","молчанов виктор игоревич"
"моравчикова михаэла","person","моравчикова михаэла"
"морган джон","person","морган джон"
"морганти пьерфранческо","person","морганти пьерфранческо"
"морев михаил владимирович","person","морев михаил владимирович"
"морено алехандро","person","морено алехандро"
"морозко наталья иосифовна","person","морозко наталья иосифовна"
"морозов сергей геннадьевич","person","морозов сергей геннадьевич"
"моррис джереми","person","моррис джереми"
"московченко ольга никифоровна","person","московченко ольга никифоровна"
"мосунова людмила александровна","person","мосунова людмила александровна"
"мотрич екатерина леонидовна","person","мотрич екатерина леонидовна"
"мохов в. п.","person","мохов в. п."
"музычук валентина юрьевна","person","музычук валентина юрьевна"
"мукомель владимир изявич","person","мукомель владимир изявич"
"мусаелян лева асканазович","person","мусаелян лева асканазович"
"мусийчук мария владимировна","person","мусийчук мария владимировна"
"мчедлова елена мирановна","person","мчедлова елена мирановна"
"мчедлова мария мирановна","person","мчедлова мария мирановна"
"мэннинг питер","person","мэннинг питер"
"мягков александр юрьевич","person","мягков александр юрьевич"
"мёдова анастасия анатольевна","person","мёдова анастасия анатольевна"
"наберушкина эльмира кямаловна","person","наберушкина эльмира кямаловна"
"нагымжанова каракат мукашовна","person","нагымжанова каракат мукашовна"
"назаров дмитрий михайлович","person","назаров дмитрий михайлович"
"назарова елена александровна","person","назарова елена александровна"
"назарова и. б.","person","назарова и. б."
"найденова людмила ивановна","person","найденова людмила ивановна"
"накова албена","person","накова албена"
"напреенко иван","person","напреенко иван"
"нарбут николай петрович","person","нарбут николай петрович"
"насибуллин р. т.","person","насибуллин р. т."
"натура александр иванович","person","натура александр иванович"
"наумова галина романовна","person","наумова галина романовна"
"неборский егор валентинович","person","неборский егор валентинович"
"некипелов александр дмитриевич","person","некипелов александр дмитриевич"
"немировская анна валентиновна","person","немировская анна валентиновна"
"немировский валентин геннадьевич","person","немировский валентин геннадьевич"
"неретина светлана сергеевна","person","неретина светлана сергеевна"
"нефедова татьяна григорьевна","person","нефедова татьяна григорьевна"
"нефёдов борис иванович","person","нефёдов борис иванович"
"нехода евгения владимировна","person","нехода евгения владимировна"
"нечаев дмитрий николаевич","person","нечаев дмитрий николаевич"
"нижегородцев роберт михайлович","person","нижегородцев роберт михайлович"
"никитенко пётр георгиевич","person","никитенко пётр георгиевич"
"никитина светлана","person","никитина светлана"
"никифоров ярослав александрович","person","никифоров ярослав александрович"
"никифорова елена","person","никифорова елена"
"николаев в. г.","person","николаев в. г."
"николаева светлана","person","николаева светлана"
"николаенко георгий александрович","person","николаенко георгий александрович"
"никольский сергей анатольевич","person","никольский сергей анатольевич"
"никулин александр михайлович","person","никулин александр михайлович"
"никулина ирина евгеньевна","person","никулина ирина евгеньевна"
"никулкина инга владимировна","person","никулкина инга владимировна"
"нисбет эрик с.","person","нисбет эрик с."
"новак петр","person","новак петр"
"новоселова елена николаевна","person","новоселова елена николаевна"
"ноянзина оксана евгеньевна","person","ноянзина оксана евгеньевна"
"нуреев р. м.","person","нуреев р. м."
"няголова марияна димитрова","person","няголова марияна димитрова"
"оберемко олег алексеевич","person","оберемко олег алексеевич"
"образцов и. в.","person","образцов и. в."
"обрахт-прондзыньски цезары","person","обрахт-прондзыньски цезары"
"овруцкий александр владимирович","person","овруцкий александр владимирович"
"овчаров антон олегович","person","овчаров антон олегович"
"овчарова лилия николаевна","person","овчарова лилия николаевна"
"овчарова ольга геннадиевна","person","овчарова ольга геннадиевна"
"овчинский владимир семенович","person","овчинский владимир семенович"
"оглезнев в.в.","person","оглезнев в.в."
"огнева валентина васильевна","person","огнева валентина васильевна"
"одегов юрий геннадьевич","person","одегов юрий геннадьевич"
"одинцова елена валерьевна","person","одинцова елена валерьевна"
"ожигова людмила николаевна","person","ожигова людмила николаевна"
"ожьен альбер","person","ожьен альбер"
"олешко владимир федорович","person","олешко владимир федорович"
"омелин виктор николаевич","person","омелин виктор николаевич"
"омельченко дарья алексеевна","person","омельченко дарья алексеевна"
"омельченко елена леонидовна","person","омельченко елена леонидовна"
"омуралиев н. а.","person","омуралиев н. а."
"орлов сергей владимирович","person","орлов сергей владимирович"
"орлова вера вениаминовна","person","орлова вера вениаминовна"
"орлова ирина викторовна","person","орлова ирина викторовна"
"осадчая галина ивановна","person","осадчая галина ивановна"
"осиновская ирина владимировна","person","осиновская ирина владимировна"
"осинский и. и.","person","осинский и. и."
"осипов александр михайлович","person","осипов александр михайлович"
"осипов геннадий васильевич","person","осипов геннадий васильевич"
"осипов п. н.","person","осипов п. н."
"осипова надежда геннадьевна","person","осипова надежда геннадьевна"
"ослон александр анатольевич","person","ослон александр анатольевич"
"осмонова нургул исраиловна","person","осмонова нургул исраиловна"
"островская елена александровна","person","островская елена александровна"
"осьмук людмила алексеевна","person","осьмук людмила алексеевна"
"оуй пейтер","person","оуй пейтер"
"павленко в. б.","person","павленко в. б."
"павлов александр владимирович","person","павлов александр владимирович"
"павлов сергей владимирович","person","павлов сергей владимирович"
"павлова надежда сергеевна","person","павлова надежда сергеевна"
"паздникова н. п.","person","паздникова н. п."
"пан д.","person","пан д."
"панкратов сергей анатольевич","person","панкратов сергей анатольевич"
"панкратова лилия сергеевна","person","панкратова лилия сергеевна"
"панов андрей","person","панов андрей"
"панов п. в.","person","панов п. в."
"панькув и.","person","панькув и."
"панюкова юлия геннадьевна","person","панюкова юлия геннадьевна"
"папакостас апостолис","person","папакостас апостолис"
"парамонова с. п.","person","парамонова с. п."
"парецкая анна","person","парецкая анна"
"парфенова оксана","person","парфенова оксана"
"парыгин д. с.","person","парыгин д. с."
"пасс андрей аркадьевич","person","пасс андрей аркадьевич"
"патель сажата","person","патель сажата"
"патрушев сергей викторович","person","патрушев сергей викторович"
"пауэл гвинн","person","пауэл гвинн"
"паченков олег","person","паченков олег"
"пашковская светлана сергеевна","person","пашковская светлана сергеевна"
"перфильева марина борисовна","person","перфильева марина борисовна"
"перцев александр владимирович","person","перцев александр владимирович"
"петрий петр владимирович","person","петрий петр владимирович"
"петриков а. в.","person","петриков а. в."
"петров а. ю.","person","петров а. ю."
"петров владимир николаевич","person","петров владимир николаевич"
"петрова ирина эдуардовна","person","петрова ирина эдуардовна"
"петрунева раиса морадовна","person","петрунева раиса морадовна"
"петрянин алексей владимирович","person","петрянин алексей владимирович"
"петьков валерий анатольевич","person","петьков валерий анатольевич"
"пигалев александр иванович","person","пигалев александр иванович"
"пизарро синтия","person","пизарро синтия"
"пилкингтон хилари","person","пилкингтон хилари"
"пиризода джалил сафар","person","пиризода джалил сафар"
"письменная елена евгеньевна","person","письменная елена евгеньевна"
"пихоя рудольф германович","person","пихоя рудольф германович"
"пленкина вера владимировна","person","пленкина вера владимировна"
"плюснина лидия константиновна","person","плюснина лидия константиновна"
"погосян геворк арамович","person","погосян геворк арамович"
"подберезкин алексей иванович","person","подберезкин алексей иванович"
"подвойский денис глебович","person","подвойский денис глебович"
"подройкина инна андреевна","person","подройкина инна андреевна"
"подъячев кирилл викторович","person","подъячев кирилл викторович"
"покровская надежда николаевна","person","покровская надежда николаевна"
"покровский никита евгеньевич","person","покровский никита евгеньевич"
"пол эйткен","person","пол эйткен"
"полтавская мария борисовна","person","полтавская мария борисовна"
"полтерович виктор меерович","person","полтерович виктор меерович"
"полунина наталья валентиновна","person","полунина наталья валентиновна"
"полян павел","person","полян павел"
"пономарева е. ю.","person","пономарева е. ю."
"пономарева елена георгиевна","person","пономарева елена георгиевна"
"попков юрий владимирович","person","попков юрий владимирович"
"попкова елена геннадьевна","person","попкова елена геннадьевна"
"попов владимир дмитриевич","person","попов владимир дмитриевич"
"попов евгений александрович","person","попов евгений александрович"
"попов николай петрович","person","попов николай петрович"
"попова и. п.","person","попова и. п."
"попова лариса алексеевна","person","попова лариса алексеевна"
"попова ольга валентиновна","person","попова ольга валентиновна"
"потехина е.","person","потехина е."
"похолков юрий петрович","person","похолков юрий петрович"
"почтовюк андрей борисович","person","почтовюк андрей борисович"
"прилуцкий александр михайлович","person","прилуцкий александр михайлович"
"примаков в. л.","person","примаков в. л."
"присяжная надежда владимировна","person","присяжная надежда владимировна"
"проказина наталья васильевна","person","проказина наталья васильевна"
"прокопенко в. в.","person","прокопенко в. в."
"прончев геннадий борисович","person","прончев геннадий борисович"
"пророк в.","person","пророк в."
"пророкович душан","person","пророкович душан"
"прохоров александр октябринович","person","прохоров александр октябринович"
"прохоров михаил михайлович","person","прохоров михаил михайлович"
"прохорова марина леонидовна","person","прохорова марина леонидовна"
"прялухина алла вадимовна","person","прялухина алла вадимовна"
"птичникова г. а.","person","птичникова г. а."
"пугачева марина геннадиевна","person","пугачева марина геннадиевна"
"пузанова ж. в.","person","пузанова ж. в."
"пупышева м. в.","person","пупышева м. в."
"пушкарева наталья львовна","person","пушкарева наталья львовна"
"пьянкова анастасия ивановна","person","пьянкова анастасия ивановна"
"пьянкова светлана григорьевна","person","пьянкова светлана григорьевна"
"пэллот джудит","person","пэллот джудит"
"радаев вадим валерьевич","person","радаев вадим валерьевич"
"радованович милан","person","радованович милан"
"радыгин а. д.","person","радыгин а. д."
"разумов в. и.","person","разумов в. и."
"райкин р. и.","person","райкин р. и."
"рапич смаил","person","рапич смаил"
"раселл майкл","person","раселл майкл"
"рассадина татьяна анатольевна","person","рассадина татьяна анатольевна"
"растворцева светлана николаевна","person","растворцева светлана николаевна"
"раунд джон","person","раунд джон"
"рахимова н. х.","person","рахимова н. х."
"рахманов азат борисович","person","рахманов азат борисович"
"рашева ивета","person","рашева ивета"
"редькина л. и.","person","редькина л. и."
"резаев андрей владимирович","person","резаев андрей владимирович"
"резник юрий михайлович","person","резник юрий михайлович"
"резниченко анна игоревна","person","резниченко анна игоревна"
"ренч томас","person","ренч томас"
"решетников андрей вениаминович","person","решетников андрей вениаминович"
"решетников кирилл владимирович","person","решетников кирилл владимирович"
"ривкин­фиш мишель","person","ривкин­фиш мишель"
"рикуччи роберта","person","рикуччи роберта"
"римская татьяна григорьевна","person","римская татьяна григорьевна"
"римский в. п.","person","римский в. п."
"риччери, марко","person","риччери, марко"
"рогачев сергей владимирович","person","рогачев сергей владимирович"
"рогова елена моисеевна","person","рогова елена моисеевна"
"рожанский михаил","person","рожанский михаил"
"рождественская елена юрьевна","person","рождественская елена юрьевна"
"рожкова лилия валерьевна","person","рожкова лилия валерьевна"
"роздольская ирина владимировна","person","роздольская ирина владимировна"
"розов н. с.","person","розов н. с."
"розов николай христович","person","розов николай христович"
"рой олег михайлович","person","рой олег михайлович"
"романов сергей владимирович","person","романов сергей владимирович"
"романович нелли александровна","person","романович нелли александровна"
"романовская ольга алексеевна","person","романовская ольга алексеевна"
"романовский н. в.","person","романовский н. в."
"ромашкина гульнара фатыховна","person","ромашкина гульнара фатыховна"
"росенко светлана ивановна","person","росенко светлана ивановна"
"россошанская елена андреевна","person","россошанская елена андреевна"
"ростовская тамара керимовна","person","ростовская тамара керимовна"
"ротман д. г.","person","ротман д. г."
"роулз энн","person","роулз энн"
"рощевская лариса павловна","person","рощевская лариса павловна"
"рубан лариса семеновна","person","рубан лариса семеновна"
"руденко дмитрий юрьевич","person","руденко дмитрий юрьевич"
"руткевич елена дмитриевна","person","руткевич елена дмитриевна"
"рыбаковский леонид леонидович","person","рыбаковский леонид леонидович"
"рыжова наталья петровна","person","рыжова наталья петровна"
"рыкун а. ю.","person","рыкун а. ю."
"рылева анна николаевна","person","рылева анна николаевна"
"рыхтик михаил иванович","person","рыхтик михаил иванович"
"рычихина наталья сергеевна","person","рычихина наталья сергеевна"
"рюмшин сергей анатольевич","person","рюмшин сергей анатольевич"
"рябов олег вячеславович","person","рябов олег вячеславович"
"рябова татьяна борисовна","person","рябова татьяна борисовна"
"рязанова светлана владимировна","person","рязанова светлана владимировна"
"рязанцев вадим игоревич","person","рязанцев вадим игоревич"
"рязанцев сергей васильевич","person","рязанцев сергей васильевич"
"саблуков а. в.","person","саблуков а. в."
"савельева ирина","person","савельева ирина"
"савова, ралица","person","савова, ралица"
"савоскул мария","person","савоскул мария"
"савоськина а. п.","person","савоськина а. п."
"садохин александр петрович","person","садохин александр петрович"
"садыков радик","person","садыков радик"
"сазонова зоя сергеевна","person","сазонова зоя сергеевна"
"сайфутдинов тахир исмаилджанович","person","сайфутдинов тахир исмаилджанович"
"сакка фламиния","person","сакка фламиния"
"саломатин алексей юрьевич","person","саломатин алексей юрьевич"
"сальникова инна ивановна","person","сальникова инна ивановна"
"самыгин сергей иванович","person","самыгин сергей иванович"
"сандоян эдвард мартинович","person","сандоян эдвард мартинович"
"санникова ольга владимировна","person","санникова ольга владимировна"
"сапир жак","person","сапир жак"
"сапов вадим вениаминович","person","сапов вадим вениаминович"
"сапогова елена евгеньевна","person","сапогова елена евгеньевна"
"сапфирова аполлинария александровна","person","сапфирова аполлинария александровна"
"саралиева зарэтхан хаджи-мурзаевна","person","саралиева зарэтхан хаджи-мурзаевна"
"сартбекова нуржан коодоевна","person","сартбекова нуржан коодоевна"
"сасаки масамичи","person","сасаки масамичи"
"сафин р.с.","person","сафин р.с."
"сафиуллин а. р.","person","сафиуллин а. р."
"сафонов александр львович","person","сафонов александр львович"
"сафонов андрей леонидович","person","сафонов андрей леонидович"
"свидерски эдвард м.","person","свидерски эдвард м."
"свирина а. а.","person","свирина а. а."
"севастьянов сергей витальевич","person","севастьянов сергей витальевич"
"седова н. н.","person","седова н. н."
"седова наталья николаевна","person","седова наталья николаевна"
"селезнёв игорь александрович","person","селезнёв игорь александрович"
"селиверстова нина анатольевна","person","селиверстова нина анатольевна"
"селитреникова татьяна анатольевна","person","селитреникова татьяна анатольевна"
"семедов семед абакаевич","person","семедов семед абакаевич"
"семенов владимир анатольевич","person","семенов владимир анатольевич"
"семенова виктория владимировна","person","семенова виктория владимировна"
"семеркова любовь николаевна","person","семеркова любовь николаевна"
"семёнов владимир юрьевич","person","семёнов владимир юрьевич"
"сергеев владимир кириллович","person","сергеев владимир кириллович"
"сергеева ольга вячеславовна","person","сергеева ольга вячеславовна"
"сериков а. в.","person","сериков а. в."
"сериков владислав владиславович","person","сериков владислав владиславович"
"сивиринов борис сергеевич","person","сивиринов борис сергеевич"
"сигал анатолий викторович","person","сигал анатолий викторович"
"сидорина т. ю.","person","сидорина т. ю."
"сидорова галина михайловна","person","сидорова галина михайловна"
"сизова ирина леонидовна","person","сизова ирина леонидовна"
"силантьева маргарита вениаминовна","person","силантьева маргарита вениаминовна"
"силин анатолий николаевич","person","силин анатолий николаевич"
"силкин владимир владимирович","person","силкин владимир владимирович"
"силласте галина георгиевна","person","силласте галина георгиевна"
"симанов а. л.","person","симанов а. л."
"симонова людмила михайловна","person","симонова людмила михайловна"
"симонова марина викторовна","person","симонова марина викторовна"
"симонова татьяна николаевна","person","симонова татьяна николаевна"
"симонян ренальд хикарович","person","симонян ренальд хикарович"
"синельников а. б.","person","синельников а. б."
"синцов глеб владимирович","person","синцов глеб владимирович"
"сиповская н. в.","person","сиповская н. в."
"скворцов николай генрихович","person","скворцов николай генрихович"
"скворцова валентина алексеевна","person","скворцова валентина алексеевна"
"скобелина наталья анатольевна","person","скобелина наталья анатольевна"
"скорик александр павлович","person","скорик александр павлович"
"скоробогатова м. р.","person","скоробогатова м. р."
"скотт джеймс","person","скотт джеймс"
"слабуха александр васильевич","person","слабуха александр васильевич"
"слатинов владимир борисович","person","слатинов владимир борисович"
"смахтин евгений владимирович","person","смахтин евгений владимирович"
"смирнов александр ильич","person","смирнов александр ильич"
"смирнов алексей викторович","person","смирнов алексей викторович"
"смирнов владимир алексеевич","person","смирнов владимир алексеевич"
"смирнов евгений александрович","person","смирнов евгений александрович"
"смирнов сергей","person","смирнов сергей"
"смирнова инна николаевна","person","смирнова инна николаевна"
"смолин олег николаевич","person","смолин олег николаевич"
"смолькин антон","person","смолькин антон"
"собкин владимир самуилович","person","собкин владимир самуилович"
"соболева ирина викторовна","person","соболева ирина викторовна"
"соботка томаш","person","соботка томаш"
"сокол адольф фроимович","person","сокол адольф фроимович"
"соколов евгений георгиевич","person","соколов евгений георгиевич"
"соколов михаил","person","соколов михаил"
"соколова галина николаевна","person","соколова галина николаевна"
"соколова ольга юрьевна","person","соколова ольга юрьевна"
"соколова татьяна виленовна","person","соколова татьяна виленовна"
"солдатов александр васильевич","person","солдатов александр васильевич"
"соловьев а. и.","person","соловьев а. и."
"солодкий владимир алексеевич","person","солодкий владимир алексеевич"
"соломатина елена николаевна","person","соломатина елена николаевна"
"соляев антон олегович","person","соляев антон олегович"
"сонг джунсо","person","сонг джунсо"
"сорвиров борис владимирович","person","сорвиров борис владимирович"
"сорина г. в.","person","сорина г. в."
"сорочан александр юрьевич","person","сорочан александр юрьевич"
"сосунова ирина александровна","person","сосунова ирина александровна"
"сотникова марина сергеевна","person","сотникова марина сергеевна"
"сперо эллан","person","сперо эллан"
"спирова эльвира маратовна","person","спирова эльвира маратовна"
"станишич ваня","person","станишич ваня"
"станкунене влада","person","станкунене влада"
"старк эван","person","старк эван"
"стародубов владимир иванович","person","стародубов владимир иванович"
"стегний в. н.","person","стегний в. н."
"стемпень-кучинска а.","person","стемпень-кучинска а."
"степан каван","person","степан каван"
"степанцов павел","person","степанцов павел"
"степашин сергей вадимович","person","степашин сергей вадимович"
"степченко а.","person","степченко а."
"стивен д. макдауэлл","person","стивен д. макдауэлл"
"стовба евгений владимирович","person","стовба евгений владимирович"
"столярова ольга","person","столярова ольга"
"сторожук анна юрьевна","person","сторожук анна юрьевна"
"стошич лазарь","person","стошич лазарь"
"стрельникова анна владимировна","person","стрельникова анна владимировна"
"стризое александр леонидович","person","стризое александр леонидович"
"строгецкая елена витальевна","person","строгецкая елена витальевна"
"строева олеся анатольевна","person","строева олеся анатольевна"
"строканов александр алексеевич","person","строканов александр алексеевич"
"стронгин роман григорьевич","person","стронгин роман григорьевич"
"субетто александр иванович","person","субетто александр иванович"
"судакова наталия евгеньевна","person","судакова наталия евгеньевна"
"судоргин олег анатольевич","person","судоргин олег анатольевич"
"судхир кумар сутхар","person","судхир кумар сутхар"
"судьин сергей александрович","person","судьин сергей александрович"
"сулейманов рамиль фаилович","person","сулейманов рамиль фаилович"
"сулейманова рима нугамановна","person","сулейманова рима нугамановна"
"сулейманова шукран саидовна","person","сулейманова шукран саидовна"
"сундиев игорь юрьевич","person","сундиев игорь юрьевич"
"суннатова рано иззатовна","person","суннатова рано иззатовна"
"суровицкая галина владимировна","person","суровицкая галина владимировна"
"суровцев в. а.","person","суровцев в. а."
"сутужко валерий валериевич","person","сутужко валерий валериевич"
"сухарев олег сергеевич","person","сухарев олег сергеевич"
"сухоцкая лилия","person","сухоцкая лилия"
"сухушина е.в.","person","сухушина е.в."
"сушко павел евгеньевич","person","сушко павел евгеньевич"
"сыдыков е. б.","person","сыдыков е. б."
"сыров в.н.","person","сыров в.н."
"сытых о. л.","person","сытых о. л."
"тавровский александр владимирович","person","тавровский александр владимирович"
"тажин марат муханбетказиевич","person","тажин марат муханбетказиевич"
"тай-лок луи","person","тай-лок луи"
"талицкая анна александровна","person","талицкая анна александровна"
"тамаш пал","person","тамаш пал"
"танака юдзо","person","танака юдзо"
"танимов олег владимирович","person","танимов олег владимирович"
"тарабаева виктория борисовна","person","тарабаева виктория борисовна"
"тараданов александр ардалионович","person","тараданов александр ардалионович"
"тартаковская ирина наумовна","person","тартаковская ирина наумовна"
"тарусин михаил аскольдович","person","тарусин михаил аскольдович"
"татарова г. г.","person","татарова г. г."
"тев д. б.","person","тев д. б."
"тевено лоран","person","тевено лоран"
"темаев тимур вадудович","person","темаев тимур вадудович"
"темницкий а. л.","person","темницкий а. л."
"темнова лариса витальевна","person","темнова лариса витальевна"
"терещенко ольга викентовна","person","терещенко ольга викентовна"
"тернборн йоран","person","тернборн йоран"
"тетсуо мисуками","person","тетсуо мисуками"
"тимонин сергей андреевич","person","тимонин сергей андреевич"
"тимофеева лидия николаевна","person","тимофеева лидия николаевна"
"тимощук алексей станиславович","person","тимощук алексей станиславович"
"титаренко лариса григорьевна","person","титаренко лариса григорьевна"
"титков алексей","person","титков алексей"
"титова людмила григорьевна","person","титова людмила григорьевна"
"тихонова наталья евгеньевна","person","тихонова наталья евгеньевна"
"тихоновскова светлана александровна","person","тихоновскова светлана александровна"
"тищенко наталья викторовна","person","тищенко наталья викторовна"
"тодев илия тосков","person","тодев илия тосков"
"токарева светлана борисовна","person","токарева светлана борисовна"
"токтарова в. и.","person","токтарова в. и."
"тольц марк","person","тольц марк"
"топилин анатолий васильевич","person","топилин анатолий васильевич"
"торкунов анатолий васильевич","person","торкунов анатолий васильевич"
"тощенко жан терентьевич","person","тощенко жан терентьевич"
"травкина елена владимировна","person","травкина елена владимировна"
"тран тхи бич нгок","person","тран тхи бич нгок"
"трейвиш андрей","person","трейвиш андрей"
"третьякова е. а.","person","третьякова е. а."
"третьякова ольга валентиновна","person","третьякова ольга валентиновна"
"трофимова и. н.","person","трофимова и. н."
"трофимова нэлла аркадьевна","person","трофимова нэлла аркадьевна"
"троцук ирина владимировна","person","троцук ирина владимировна"
"троян сергей станиславович","person","троян сергей станиславович"
"трубицын о. к.","person","трубицын о. к."
"труханов виктор александрович","person","труханов виктор александрович"
"тузиков а. р.","person","тузиков а. р."
"тузов виктор васильевич","person","тузов виктор васильевич"
"турчин анатолий степанович","person","турчин анатолий степанович"
"турчин петр валентинович","person","турчин петр валентинович"
"тюриков александр георгиевич","person","тюриков александр георгиевич"
"тёмкина анна","person","тёмкина анна"
"уайт с. джеймс брайс","person","уайт с. джеймс брайс"
"узун в. я.","person","узун в. я."
"уколова лидия евгеньевна","person","уколова лидия евгеньевна"
"укубасова галия сагандыковна","person","укубасова галия сагандыковна"
"улыбина ольга","person","улыбина ольга"
"ульяновский виктор иванович","person","ульяновский виктор иванович"
"уолкер чарльз","person","уолкер чарльз"
"упадышева ирина вадимовна","person","упадышева ирина вадимовна"
"упоров иван владимирович","person","упоров иван владимирович"
"урбан ольга андреевна","person","урбан ольга андреевна"
"ускова тамара витальевна","person","ускова тамара витальевна"
"устинова ксения александровна","person","устинова ксения александровна"
"устьянцев владимир борисович","person","устьянцев владимир борисович"
"утехин илья","person","утехин илья"
"ухова лариса владимировна","person","ухова лариса владимировна"
"ушакин сергей","person","ушакин сергей"
"фабио касати","person","фабио касати"
"фадеева ирина михайловна","person","фадеева ирина михайловна"
"фадеева любовь александровна","person","фадеева любовь александровна"
"фадеева ольга петровна","person","фадеева ольга петровна"
"фарро антимо луиджи","person","фарро антимо луиджи"
"фархатдинов наиль галимханович","person","фархатдинов наиль галимханович"
"федело паоло","person","федело паоло"
"федоров валерий валерьевич","person","федоров валерий валерьевич"
"федорова ольга григорьевна","person","федорова ольга григорьевна"
"федоровская наталья александровна","person","федоровская наталья александровна"
"федотов а. в.","person","федотов а. в."
"федотова н. н.","person","федотова н. н."
"фелл елена владимировна","person","фелл елена владимировна"
"фетисов максим сергеевич","person","фетисов максим сергеевич"
"фещенко татьяна сергеевна","person","фещенко татьяна сергеевна"
"филипова александра геннадьевна","person","филипова александра геннадьевна"
"филиппов александр фридрихович","person","филиппов александр фридрихович"
"финогеев а. г.","person","финогеев а. г."
"фирсов борис максимович","person","фирсов борис максимович"
"фламгольц эрик","person","фламгольц эрик"
"фоа роберто стефан","person","фоа роберто стефан"
"фолкингэм джейн","person","фолкингэм джейн"
"фомин в. и.","person","фомин в. и."
"франц перри","person","франц перри"
"фролова елена александровна","person","фролова елена александровна"
"фрумин исак","person","фрумин исак"
"фурсов андрей ильич","person","фурсов андрей ильич"
"фэн шаолей","person","фэн шаолей"
"фёдоров валерий валерьевич","person","фёдоров валерий валерьевич"
"хагуров айтеч аюбович","person","хагуров айтеч аюбович"
"хагуров темыр айтечевич","person","хагуров темыр айтечевич"
"хагэндорн л.","person","хагэндорн л."
"хазова светлана абдурахмановна","person","хазова светлана абдурахмановна"
"хайруллина нурсафа гафуровна","person","хайруллина нурсафа гафуровна"
"хамидуллина фарида ильдаровна","person","хамидуллина фарида ильдаровна"
"ханов талгат ахматзиевич","person","ханов талгат ахматзиевич"
"харичкин и. к.","person","харичкин и. к."
"харламов никита","person","харламов никита"
"харланов алексей сергеевич","person","харланов алексей сергеевич"
"хархордин олег","person","хархордин олег"
"хасбулатова ольга анатольевна","person","хасбулатова ольга анатольевна"
"хахулина людмила александровна","person","хахулина людмила александровна"
"хачатрян людмила александровна","person","хачатрян людмила александровна"
"хепп, рольф","person","хепп, рольф"
"херрманн, петер","person","херрманн, петер"
"хестанов руслан заурбекович","person","хестанов руслан заурбекович"
"хиггс пол","person","хиггс пол"
"химма кеннет э.","person","химма кеннет э."
"хисамутдинова наталья владимировна","person","хисамутдинова наталья владимировна"
"хопёрская лариса львовна","person","хопёрская лариса львовна"
"хорие норио","person","хорие норио"
"хоффманн-ланге у.","person","хоффманн-ланге у."
"хохгернер йозеф","person","хохгернер йозеф"
"хренов николай андреевич","person","хренов николай андреевич"
"хриенко татьяна викторовна","person","хриенко татьяна викторовна"
"христозова галя михайлова","person","христозова галя михайлова"
"хромова ирина николаевна","person","хромова ирина николаевна"
"хунагов рашид думаличевич","person","хунагов рашид думаличевич"
"хусаинов, булат доскалиевич","person","хусаинов, булат доскалиевич"
"хухарева ольга","person","хухарева ольга"
"цареградская юлия константиновна","person","цареградская юлия константиновна"
"цвиркун виктор иванович","person","цвиркун виктор иванович"
"цвиткович иван","person","цвиткович иван"
"целищев в. в.","person","целищев в. в."
"цзин цон е","person","цзин цон е"
"цыбаков дмитрий леонидович","person","цыбаков дмитрий леонидович"
"цыркун н. а.","person","цыркун н. а."
"цэцэнбилег цевений","person","цэцэнбилег цевений"
"чалаков иван","person","чалаков иван"
"чамбаликова м.","person","чамбаликова м."
"чарахчян константин каренович","person","чарахчян константин каренович"
"чахор рафал","person","чахор рафал"
"чащина татьяна викторовна","person","чащина татьяна викторовна"
"чвякин владимир алексеевич","person","чвякин владимир алексеевич"
"чебанов сергей викторович","person","чебанов сергей викторович"
"чеботарев геннадий николаевич","person","чеботарев геннадий николаевич"
"челнокова наталья юрьевна","person","челнокова наталья юрьевна"
"чепуренко александр юльевич","person","чепуренко александр юльевич"
"черепанова м. и.","person","черепанова м. и."
"череповицын алексей евгеньевич","person","череповицын алексей евгеньевич"
"черникова и. в.","person","черникова и. в."
"чернова елена викторовна","person","чернова елена викторовна"
"чернова жанна владимировна","person","чернова жанна владимировна"
"чернозуб олег леонидович","person","чернозуб олег леонидович"
"черный евгений владимирович","person","черный евгений владимирович"
"черных екатерина алексеевна","person","черных екатерина алексеевна"
"черных сергей иванович","person","черных сергей иванович"
"черных сергей сергеевич","person","черных сергей сергеевич"
"черныш михаил федорович","person","черныш михаил федорович"
"чернявская в. с.","person","чернявская в. с."
"чернядьева наталья алексеевна","person","чернядьева наталья алексеевна"
"черняева татьяна ивановна","person","черняева татьяна ивановна"
"чесноков сергей валерианович","person","чесноков сергей валерианович"
"чжан шухуа","person","чжан шухуа"
"чигрин виктор александрович","person","чигрин виктор александрович"
"чиприани роберто","person","чиприани роберто"
"чирикова а. е.","person","чирикова а. е."
"чирун сергей николаевич","person","чирун сергей николаевич"
"чистанов м. н.","person","чистанов м. н."
"чистякова наталья олеговна","person","чистякова наталья олеговна"
"чичилов е. в.","person","чичилов е. в."
"чичканов валерий петрович","person","чичканов валерий петрович"
"чоба, юдит","person","чоба, юдит"
"чой ву ик","person","чой ву ик"
"чубарова татьяна владимировна","person","чубарова татьяна владимировна"
"чугунов дмитрий александрович","person","чугунов дмитрий александрович"
"чуйкина софья","person","чуйкина софья"
"чукреев юрий яковлевич","person","чукреев юрий яковлевич"
"чулуунбаатор г.","person","чулуунбаатор г."
"чумиков александр николаевич","person","чумиков александр николаевич"
"чунлин лу","person","чунлин лу"
"чутчева юлия васильевна","person","чутчева юлия васильевна"
"чучалин александр иванович","person","чучалин александр иванович"
"шабанов виктор леннарович","person","шабанов виктор леннарович"
"шабров олег фёдорович","person","шабров олег фёдорович"
"шабунова александра анатольевна","person","шабунова александра анатольевна"
"шагайда наталья ивановна","person","шагайда наталья ивановна"
"шагеева ф. т.","person","шагеева ф. т."
"шайденко надежда анатольевна","person","шайденко надежда анатольевна"
"шалаев в. п.","person","шалаев в. п."
"шаманова марина владимировна","person","шаманова марина владимировна"
"шамшурин виктор иванович","person","шамшурин виктор иванович"
"шаповалова инна сергеевна","person","шаповалова инна сергеевна"
"шарков феликс изосимович","person","шарков феликс изосимович"
"шаронова светлана алексеевна","person","шаронова светлана алексеевна"
"шастина татьяна владимировна","person","шастина татьяна владимировна"
"шастри с.","person","шастри с."
"шаукенова зарема каукеновна","person","шаукенова зарема каукеновна"
"шахматова надежда владимировна","person","шахматова надежда владимировна"
"швая а. ю.","person","швая а. ю."
"шведова надежда александровна","person","шведова надежда александровна"
"швец сергей владимирович","person","швец сергей владимирович"
"шебеко валентина николаевна","person","шебеко валентина николаевна"
"шевченко а. а.","person","шевченко а. а."
"шевченко и. о.","person","шевченко и. о."
"шедий мария владимировна","person","шедий мария владимировна"
"шереги франц эдмундович","person","шереги франц эдмундович"
"шестак ольга игоревна","person","шестак ольга игоревна"
"шестов николай игоревич","person","шестов николай игоревич"
"шестопал е. б.","person","шестопал е. б."
"шефлер уве","person","шефлер уве"
"шеховцов антон","person","шеховцов антон"
"шилина светлана александровна","person","шилина светлана александровна"
"шилкина наталья егоровна","person","шилкина наталья егоровна"
"шилова любовь федоровна","person","шилова любовь федоровна"
"шин беом-шик","person","шин беом-шик"
"шинкевич а. и.","person","шинкевич а. и."
"шиняева ольга викторовна","person","шиняева ольга викторовна"
"широ сасаки","person","широ сасаки"
"широканов дмитрий иванович","person","широканов дмитрий иванович"
"шихова о.ф.","person","шихова о.ф."
"шишкин сергей","person","шишкин сергей"
"шкарупета елена витальевна","person","шкарупета елена витальевна"
"школьников владимир","person","школьников владимир"
"шматко алексей дмитриевич","person","шматко алексей дмитриевич"
"шмик кристофер джерард","person","шмик кристофер джерард"
"шнайдер сержио","person","шнайдер сержио"
"шомова светлана андреевна","person","шомова светлана андреевна"
"шоркин а. д.","person","шоркин а. д."
"штейн с. ю.","person","штейн с. ю."
"штомпка пётр","person","штомпка пётр"
"шубенков михаил валерьевич","person","шубенков михаил валерьевич"
"шуберт клаус","person","шуберт клаус"
"шубрт иржи","person","шубрт иржи"
"шувакович урош","person","шувакович урош"
"шукуров дмитрий леонидович","person","шукуров дмитрий леонидович"
"шульгина ольга владимировна","person","шульгина ольга владимировна"
"шумков андрей арнольдович","person","шумков андрей арнольдович"
"шурупова раиса викторовна","person","шурупова раиса викторовна"
"шустов александр владимирович","person","шустов александр владимирович"
"шустова светлана викторовна","person","шустова светлана викторовна"
"шухатович виолетта руслановна","person","шухатович виолетта руслановна"
"шушара т. в.","person","шушара т. в."
"щанина екатерина владимировна","person","щанина екатерина владимировна"
"щепин владимир олегович","person","щепин владимир олегович"
"щербакова лидия ильинична","person","щербакова лидия ильинична"
"щербина вячеслав вячеславович","person","щербина вячеслав вячеславович"
"щербинина н. г.","person","щербинина н. г."
"щербов сергей","person","щербов сергей"
"щетинина екатерина даниловна","person","щетинина екатерина даниловна"
"эберштад николас","person","эберштад николас"
"эккерт наталья владимировна","person","эккерт наталья владимировна"
"эли марк","person","эли марк"
"эрдынеева клавдия гомбожаповна","person","эрдынеева клавдия гомбожаповна"
"эсаулова и. а.","person","эсаулова и. а."
"эскиндаров михаил абдурахманович","person","эскиндаров михаил абдурахманович"
"юдина т. н.","person","юдина т. н."
"южанинов к. м.","person","южанинов к. м."
"юлиус раманаускас","person","юлиус раманаускас"
"юняева римма равиловна","person","юняева римма равиловна"
"юревич а. в.","person","юревич а. в."
"юрков с. е.","person","юрков с. е."
"юрчак алексей","person","юрчак алексей"
"ядова майя андреевна","person","ядова майя андреевна"
"якимова е. в.","person","якимова е. в."
"якимова ольга александровна","person","якимова ольга александровна"
"якобсон лев","person","якобсон лев"
"яковенко а. в.","person","яковенко а. в."
"яковенко наталия владимировна","person","яковенко наталия владимировна"
"яковлева виктория","person","яковлева виктория"
"якса н. в.","person","якса н. в."
"ямбушев вилдан юнирович","person","ямбушев вилдан юнирович"
"янак алина леонидовна","person","янак алина леонидовна"
"янчаркова юлие","person","янчаркова юлие"
"ярашева азиза викторовна","person","ярашева азиза викторовна"
"ярвелайд пеэтер","person","ярвелайд пеэтер"
"ярская-смирнова валентина николаевна","person","ярская-смирнова валентина николаевна"
"ярская-смирнова елена ростиславовна","person","ярская-смирнова елена ростиславовна"
"ястребов г. а.","person","ястребов г. а."
"ястребов олег александрович","person","ястребов олег александрович"
"ях анна","person","ях анна"
"яценко михаил петрович","person","яценко михаил петрович"
"ячин сергей евгеньевич","person","ячин сергей евгеньевич"
"яшин андрей владимирович","person","яшин андрей владимирович"
"ященко елена федоровна","person","ященко елена федоровна"
"ёлохова и. в.","person","ёлохова и. в."
